_id,title,digest,url,date,adveNum,likeNum,readNum
ObjectId(5b921331c22c121905e7e206),“奇迹男孩”再创奇迹，高出一本线四十分，大学领导亲自送通知书,,http://mp.weixin.qq.com/s?__biz=MzA4NDI3NjcyNA==&mid=2649405655&idx=1&sn=2113886926673cd363dc7f2379f75406&chksm=87f7bc4cb080355a65c65807b17d51b42637bf29401c2d7e6a0a8e3ebdbfc60b92c18b2dc6b3#rd,2018-08-13 20:33:56,0,5529,100001
ObjectId(5b921345c22c121905e7e208),“胖达”从出生到100天的变化 黑眼圈真是越来越重了……,,http://mp.weixin.qq.com/s?__biz=MzA4NDI3NjcyNA==&mid=2649405655&idx=2&sn=6826576be972565287d2be8d1d37a345&chksm=87f7bc4cb080355adbdacd555b5930ecac87b68787d75adc942ca13cf202176a42a47ef40011#rd,2018-08-13 20:33:56,0,1760,90959
ObjectId(5b921359c22c121905e7e20a),交钱越多离神越近？害人妻离子散，这个邪教太可恶！,,http://mp.weixin.qq.com/s?__biz=MzA4NDI3NjcyNA==&mid=2649405621&idx=1&sn=77d4b60fb3dbf277ec7778227fa20aa6&chksm=87f7bc2eb08035385d2c1efc43fbc75089ec1174f4eff409688f6daa7eb6c1fbcec0d647ddef#rd,2018-08-13 18:36:45,0,1999,100001
ObjectId(5b92136dc22c121905e7e20c),你遭受过生活的暴击吗？？？哈哈哈哈哈哈哈嗝,,http://mp.weixin.qq.com/s?__biz=MzA4NDI3NjcyNA==&mid=2649405621&idx=2&sn=fc9f83858f5ef0a3e33671c97742c800&chksm=87f7bc2eb0803538c4db161d84579edc0b982262fc03ec107299bc5a1f8768db522656a6c4b1#rd,2018-08-13 18:36:45,0,4125,100001
ObjectId(5b921381c22c121905e7e20e),小心！这些药名一字之差，功效大不同，千万别买错了,,http://mp.weixin.qq.com/s?__biz=MzA4NDI3NjcyNA==&mid=2649405621&idx=3&sn=b96b5e95f3fda693a6827b155c8bfb1a&chksm=87f7bc2eb080353875fb7b1fe473cedcf8c0d0159a3f62fa29d83134b4489ec3978949f4602e#rd,2018-08-13 18:36:45,0,1092,100001
ObjectId(5b921395c22c121905e7e210),有银联卡的速看！这项功能事关资金安全！很多人都忽视了......,,http://mp.weixin.qq.com/s?__biz=MzA4NDI3NjcyNA==&mid=2649405610&idx=1&sn=2aaee960c72aff911ca1c03586bab2fa&chksm=87f7bc31b0803527af69f8437f3c196637894898f083d128c257abcd90b75fe8db1b670abfa8#rd,2018-08-13 16:43:35,0,1577,100001
ObjectId(5b9213a9c22c121905e7e212),大学生自费进村支教不少人中暑，村民们凑钱装空调,,http://mp.weixin.qq.com/s?__biz=MzA4NDI3NjcyNA==&mid=2649405610&idx=2&sn=dd2592a2cb770b995d189942f2bfa045&chksm=87f7bc31b0803527f6aeab77169f027a938fba887da26c5c3f30d2846a0ebf8ba4833af0a122#rd,2018-08-13 16:43:35,0,3800,91059
ObjectId(5b9213bdc22c121905e7e214),这样洗碗，等于“吃毒”！多数家庭都中招了！,,http://mp.weixin.qq.com/s?__biz=MzA4NDI3NjcyNA==&mid=2649405610&idx=3&sn=0d84b768802994ef86b711eda9fa06ca&chksm=87f7bc31b0803527edf08fa90a60a8dc44ae7e8d27384baee6da5015b226a6ec248cc6b55640#rd,2018-08-13 16:43:35,0,1932,100001
ObjectId(5b9213d2c22c121905e7e216),有困难都找警察？ 其实，他们压力很大……,,http://mp.weixin.qq.com/s?__biz=MzA4NDI3NjcyNA==&mid=2649405600&idx=1&sn=3dd7acdc6956cb36ab89d86929886c6a&chksm=87f7bc3bb080352d8104a42a09c8c8f97b1750a1601715a53963bcf6cf0edff710f39670ea57#rd,2018-08-13 15:09:56,0,3150,100001
ObjectId(5b9213e6c22c121905e7e218),味精是化学合成物且致癌？别急，看完这篇再扔也不迟,,http://mp.weixin.qq.com/s?__biz=MzA4NDI3NjcyNA==&mid=2649405600&idx=2&sn=06b7a0b896e865a94291b5d1c1423524&chksm=87f7bc3bb080352df320cb18a71ab173401d098cd62349f4377b67cadc83865ae12585ab28c0#rd,2018-08-13 15:09:56,0,1626,100001
ObjectId(5b9213fac22c121905e7e21a),好消息！9月底前，这些重点景区门票要降价了,,http://mp.weixin.qq.com/s?__biz=MzA4NDI3NjcyNA==&mid=2649405583&idx=1&sn=b6ead5e24eaf1ad85f1b0bea8ddd68f1&chksm=87f7bc14b080350244dd28abc9f304b4a622c7c627116ad6c25a7f9ca981a55622566176c2e8#rd,2018-08-13 11:19:31,0,1601,100001
ObjectId(5b92140ec22c121905e7e21c),天降瓷砖砸中百万奔驰！车主让买300元彩票当赔偿……,,http://mp.weixin.qq.com/s?__biz=MzA4NDI3NjcyNA==&mid=2649405583&idx=2&sn=c18c48afad97162646adf7447cf71e0c&chksm=87f7bc14b0803502023d54bd2295d6f7a82013fd23ce2403b6db1b09a69ac7ea09cd9663dc12#rd,2018-08-13 11:19:31,0,3862,100001
ObjectId(5b921422c22c121905e7e21e),家长注意！儿童泳衣抽检超八成不合格，这些大牌也上榜了,,http://mp.weixin.qq.com/s?__biz=MzA4NDI3NjcyNA==&mid=2649405583&idx=3&sn=72f028d528b05985bed07866a0d0b3b9&chksm=87f7bc14b080350205a37b16f6d53e074efbe32b2993a2dda29243718156aafe485faeb44930#rd,2018-08-13 11:19:31,0,430,48811
ObjectId(5b921482c22c121973c74863),"非常英俊！这所大学""录取""了一只鹅……",这些高校“网红”火了 ！,http://mp.weixin.qq.com/s?__biz=MzA4NDI3NjcyNA==&mid=2649405556&idx=1&sn=92eb7a246a3f92de726aa1a2eb36a1c9&chksm=87f7bcefb08035f99732843b619b1ea2444c905d22ccac0da4f2fcb9eb815cf780c9e046972f#rd,2018-08-13 08:53:32,0,4522,100001
ObjectId(5b921497c22c121973c74865),武汉一女子28次挂断警察电话，坚持给骗子转钱，最后时刻......,必看~,http://mp.weixin.qq.com/s?__biz=MzA4NDI3NjcyNA==&mid=2649405556&idx=2&sn=cf9b4398d323c5d02ce178a4fb971ae2&chksm=87f7bcefb08035f9207688a914adfb44c8d8c1f78700e927740892d5eee326a2589e78a563fa#rd,2018-08-13 08:53:32,0,9833,100001
ObjectId(5b9214abc22c121973c74867),狗把驴咬了，驴受惊踢坏百万元奥迪！谁的责？如何赔？,必看！,http://mp.weixin.qq.com/s?__biz=MzA4NDI3NjcyNA==&mid=2649405556&idx=3&sn=65704e6436b2c8be09ea137fd3a50439&chksm=87f7bcefb08035f94c1c412da9e48c7a5c261ecf9add2d9b716e4fa80f45ffd110caa1e40aea#rd,2018-08-13 08:53:32,0,2852,100001
ObjectId(5b9214bfc22c121973c74869),小心了！痰湿体质易致癌，快看看你是不是痰湿体质,必看！,http://mp.weixin.qq.com/s?__biz=MzA4NDI3NjcyNA==&mid=2649405556&idx=4&sn=d1032751c4b4d09203c09e87a1ff37ea&chksm=87f7bcefb08035f996bc9c93d59e0d0d08ccc1ef4c046aca62c0765c107f59ef2545be3e1652#rd,2018-08-13 08:53:32,0,1759,100001
ObjectId(5b9214d3c22c121973c7486b),他为什么要潜入海底，赶赴这场和鲨鱼的“约会”？ | 新青年·李光洁,新青年第32期：守护每个7300万分之一,http://mp.weixin.qq.com/s?__biz=MzA4NDI3NjcyNA==&mid=2649405555&idx=1&sn=1d21e87f21d728217c7c9bf44f62a6ae&chksm=87f7bce8b08035feb5fd05e3732817796449204ae989e70eb344c9a8cd4b4e973e08102880a3#rd,2018-08-13 07:25:00,0,1603,100001
ObjectId(5b9214e7c22c121973c7486d),早知天下事,"○最高法：妥善审理民间借贷纠纷案件，防范化解各类风险。
○“国际军事比赛—2018”闭幕，中国军队获4个团体第一。
○中国大洋49航次科考取得5大成果。",http://mp.weixin.qq.com/s?__biz=MzA4NDI3NjcyNA==&mid=2649405553&idx=1&sn=7ec2e79b3c7361fee26e40f32e11e3b3&chksm=87f7bceab08035fc02c89ce5ed2e0d46e74198ea1fb355ee7fe2866c68854df81479a644ed52#rd,2018-08-13 05:30:00,0,2502,100001
ObjectId(5b9214fbc22c121973c7486f),最好的路，是脚下通往远方的路,什么时候开始都不晚，就怕你一直处于悔恨过去当中，而忘记脚下通往远方的路。,http://mp.weixin.qq.com/s?__biz=MzA4NDI3NjcyNA==&mid=2649405546&idx=1&sn=229ae604648d5dfe5b02a503090fd17d&chksm=87f7bcf1b08035e77703a7819073bdb657744c5fc058e2ac88b78ef162a75bea7fa0e1397b9f#rd,2018-08-12 22:27:00,0,2963,100001
ObjectId(5b92150fc22c121973c74871),这是决定当代中国命运的关键一招！,新华社播发署名“宣言”的重磅文章——《改革开放天地宽》,http://mp.weixin.qq.com/s?__biz=MzA4NDI3NjcyNA==&mid=2649405542&idx=1&sn=151bce0d7bf85123ae9322271bfe8e2b&chksm=87f7bcfdb08035eb75f38a204b8be098c572664ca8059bb161865c1e738b3aa40d9891e912f2#rd,2018-08-12 20:58:56,0,2563,100001
ObjectId(5b921574c22c1219bfe1f417),高价治疗仪包治百病+净化空气？忽悠，接着忽悠！,警惕！,http://mp.weixin.qq.com/s?__biz=MzA4NDI3NjcyNA==&mid=2649405534&idx=1&sn=fb574b82843054acd4d14d0ad7ad3265&chksm=87f7bcc5b08035d38c6050d00a0857fc5f1aac1e40dd60596f0fdf68136e1d91fd45dd5fa44b#rd,2018-08-12 19:38:28,0,1338,100001
ObjectId(5b921588c22c1219bfe1f419),"哈哈哈！""老赖""装病晕倒，法官讲了一串笑话，结果......",必看！,http://mp.weixin.qq.com/s?__biz=MzA4NDI3NjcyNA==&mid=2649405534&idx=2&sn=3bced71f685942fc4797b191c3021b3c&chksm=87f7bcc5b08035d310e33de250eb8539f6bb58420ce4e94f7a1a36d47283d5963f87392e98a3#rd,2018-08-12 19:38:28,0,3807,100001
ObjectId(5b92159cc22c1219bfe1f41b),朋友圈“三天可见”你怎么看？专家说自我封闭倾向很严重，网友评论却炸了,必看！,http://mp.weixin.qq.com/s?__biz=MzA4NDI3NjcyNA==&mid=2649405534&idx=3&sn=0bd93b4910b42a7c782204b7d01cbca7&chksm=87f7bcc5b08035d31032fb03b2e35851e3e0ca44eaa2f35cb1197d2cbdcf9b307d83e73ba497#rd,2018-08-12 19:38:28,0,1392,100001
ObjectId(5b9215b0c22c1219bfe1f41d),惊心！山体崩塌前10分钟，他们拦下了行人与车辆,,http://mp.weixin.qq.com/s?__biz=MzA4NDI3NjcyNA==&mid=2649405521&idx=1&sn=ecdfba84b08e978d86986e42377dca9e&chksm=87f7bccab08035dccaf044014a892315ccc02fdaeff0f9b3ce0a8e660f6999ebb62f6e687ad6#rd,2018-08-12 17:33:19,0,4390,100001
ObjectId(5b9215c4c22c1219bfe1f41f),当了18年红娘！60岁阿姨透露幸福秘诀：别把男友当爸爸,,http://mp.weixin.qq.com/s?__biz=MzA4NDI3NjcyNA==&mid=2649405521&idx=2&sn=cf1731ac11af9f958484b00a1582c480&chksm=87f7bccab08035dcd616e673c46f22c4aaf1dfb755916017508b91fa5976b6f30c327111d12a#rd,2018-08-12 17:33:19,0,2615,100001
ObjectId(5b9215d8c22c1219bfe1f421),600万兰博基尼漂移撞上面包车！视频刷爆！车损竟由他买单,,http://mp.weixin.qq.com/s?__biz=MzA4NDI3NjcyNA==&mid=2649405521&idx=3&sn=675c91e79047d9ae12ecf3519bb14710&chksm=87f7bccab08035dc7f89c731513e07da332c17c9c473724c9a8a870df701dee30458ec782d1d#rd,2018-08-12 17:33:19,0,1971,100001
ObjectId(5b9215ecc22c1219bfe1f423),暖哭！为老伴画一幅肖像画作为七夕礼物，这是属于72岁大爷的浪漫,,http://mp.weixin.qq.com/s?__biz=MzA4NDI3NjcyNA==&mid=2649405496&idx=1&sn=986ae90d19ad6441b77bb23ff5ee2419&chksm=87f7bca3b08035b5189e145e5151cc09d97121d0296fb69813a871858bf999c1a6c0fcca2ae0#rd,2018-08-12 14:24:51,0,3176,100001
ObjectId(5b921600c22c1219bfe1f425),停车时车头朝里还是朝外？很多人做错了,,http://mp.weixin.qq.com/s?__biz=MzA4NDI3NjcyNA==&mid=2649405496&idx=2&sn=d5832835dd837fa2b37c789695d3801d&chksm=87f7bca3b08035b5ace604a9083ddb22dee0fd1df64fdd014aa2c3b0c6da2011fad0678d3108#rd,2018-08-12 14:24:51,0,2273,100001
ObjectId(5b921615c22c1219bfe1f427),暑期最好看的流星雨来了！明早可肉眼观测，快许愿！,,http://mp.weixin.qq.com/s?__biz=MzA4NDI3NjcyNA==&mid=2649405485&idx=1&sn=b78439ed0c3c3d0f90501a80562f88bb&chksm=87f7bcb6b08035a02420ba6abb45500a1f309fec62c00d89d3359e2b374bf2dde3496d0c8ad2#rd,2018-08-12 12:46:49,0,2893,100001
ObjectId(5b921629c22c1219bfe1f429),女子剧烈头痛、恶心干呕，一查竟是癌症晚期！平时忘了做这件事…,,http://mp.weixin.qq.com/s?__biz=MzA4NDI3NjcyNA==&mid=2649405485&idx=2&sn=f1a8c2385f34915d1e22e695dd73f583&chksm=87f7bcb6b08035a0d3e22d24206448d1ed2859b293761dd00c091ff9aca3968d0f3a705f36ff#rd,2018-08-12 12:46:49,0,1951,100001
ObjectId(5b92163dc22c1219bfe1f42b),别再用警察吓唬孩子！这些才是应该告诉他们的,,http://mp.weixin.qq.com/s?__biz=MzA4NDI3NjcyNA==&mid=2649405474&idx=1&sn=0d58f5c5732cece6e9ca16b29caaaa35&chksm=87f7bcb9b08035af0b736eac90ce4dca59d5e7edece41d5d11410642a3e8a756a5913e7c797b#rd,2018-08-12 11:08:16,0,3874,100001
ObjectId(5b921651c22c1219bfe1f42d),暖男不是这样当的！因心疼女同事绕路，男子竟拆掉道路护栏…,,http://mp.weixin.qq.com/s?__biz=MzA4NDI3NjcyNA==&mid=2649405474&idx=2&sn=f60bc418d2e8a5efc2db9aa7b17a23dc&chksm=87f7bcb9b08035af563cde10960b051c6a60d169a1c0f4cea919e45424253c40eaec9fe4f904#rd,2018-08-12 11:08:16,0,1728,100001
ObjectId(5b9216c2c22c121a2bbfba6c),这些自掏腰包到中国沙漠植树的日本人，他们想干什么？,,http://mp.weixin.qq.com/s?__biz=MzA4NDI3NjcyNA==&mid=2649405465&idx=1&sn=2232d1c76d09ada1ede9ef46313cfffe&chksm=87f7bc82b08035949227c372100aac8a72e1513dbf9cb2a09fdb6868aa06dd097c44cfd48420#rd,2018-08-12 07:54:22,0,13104,100001
ObjectId(5b9216d6c22c121a2bbfba6e),河南通报“考生答题卡被调包”调查结果:不存在调包现象,,http://mp.weixin.qq.com/s?__biz=MzA4NDI3NjcyNA==&mid=2649405465&idx=2&sn=33625334ea9e08ae79b072de2a7cc88f&chksm=87f7bc82b08035949ec19ab948b2014c509adc0eb2c3f4e70596c169509f9b7a25d1211e0fa5#rd,2018-08-12 07:54:22,0,2536,100001
ObjectId(5b9216eac22c121a2bbfba70),这个朋友圈的毒瘤被打掉了！幕后主使和成员竟然是……,,http://mp.weixin.qq.com/s?__biz=MzA4NDI3NjcyNA==&mid=2649405465&idx=3&sn=d0408db2af3f21cc53c18234cf5900ee&chksm=87f7bc82b0803594e87e702fbd0812c679363645ca5bffe7182d8158dd768cc096cbbfc7fd9b#rd,2018-08-12 07:54:22,0,2515,100001
ObjectId(5b9216fec22c121a2bbfba72),为什么这些“酸臭”的美食都源自南方？,,http://mp.weixin.qq.com/s?__biz=MzA4NDI3NjcyNA==&mid=2649405465&idx=4&sn=d5f19a87ffbf61e2ec52b5098f9fd2b7&chksm=87f7bc82b080359464e3c20e7a3c0a27be045af87babb4a362b9502138d44c9b6df65d3df6f7#rd,2018-08-12 07:54:22,0,1811,99398
ObjectId(5b921712c22c121a2bbfba74),早知天下事,"○国家市场监管总局：进一步加大广告监管执法力度
○银保监会：近期贷款投放明显加快。
○第14号台风“摩羯”直面浙江，沿海多地严阵以待。",http://mp.weixin.qq.com/s?__biz=MzA4NDI3NjcyNA==&mid=2649405464&idx=1&sn=7f43968cc543ba2ae854372030490d8d&chksm=87f7bc83b080359539876154f53cf07b8fd3e8c81f6f96b1d727e10c65adeafe25b380c4d382#rd,2018-08-12 05:30:00,0,3061,100001
ObjectId(5b921726c22c121a2bbfba76),夜读 | 世上最动听的声音，是亲人的脚步声,亲人的脚步就是世间美好和温暖,http://mp.weixin.qq.com/s?__biz=MzA4NDI3NjcyNA==&mid=2649405459&idx=1&sn=27278d22a55d270f554fb4cd3d6de094&chksm=87f7bc88b080359e101c28a513a3342ca64041b47914043c671a82fc039c2152f340f781b0ca#rd,2018-08-11 22:02:56,0,3480,100001
ObjectId(5b92173ac22c121a2bbfba78),为了救一位渔民兄弟，他们派专机飞到南沙,,http://mp.weixin.qq.com/s?__biz=MzA4NDI3NjcyNA==&mid=2649405443&idx=1&sn=943a3cc1ff07ebd44708ec6c9e858e0d&chksm=87f7bc98b080358eb9ff17f60655e1660ac63df0ee0119b70c80a226c856a9bee502d53e3c97#rd,2018-08-11 20:15:48,0,4064,100001
ObjectId(5b92174ec22c121a2bbfba7a),好消息！9月底前，你想去的这些景区，门票要降价了！,,http://mp.weixin.qq.com/s?__biz=MzA4NDI3NjcyNA==&mid=2649405443&idx=2&sn=a941cc263c6ed94e6a3c0a38a017b8e2&chksm=87f7bc98b080358e267c9b4d0c999bd3723c7b67b2433904f4e708bd8ea190c79f52fa77d9b9#rd,2018-08-11 20:15:48,0,910,100001
ObjectId(5b921762c22c121a2bbfba7c),女孩公交车上遇色狼反被骂“摸你是看得起你”，然后……,,http://mp.weixin.qq.com/s?__biz=MzA4NDI3NjcyNA==&mid=2649405443&idx=3&sn=735a45c09724d17ee6459c61bdecb11f&chksm=87f7bc98b080358e2c5ef9b432963e3688f2fee17f5efd41d965cfc216f5c5ab5b507355fea4#rd,2018-08-11 20:15:48,0,4260,100001
ObjectId(5b921777c22c121a2bbfba7e),能喝的购物袋？中国人发明的，了解一下……,,http://mp.weixin.qq.com/s?__biz=MzA4NDI3NjcyNA==&mid=2649405434&idx=1&sn=40b35e42c0f20319c86e39246f11e353&chksm=87f7b361b0803a7708b9b7a96680fe9bab0293676f4401720f7e3c65dac49762e2b0e1ce5a81#rd,2018-08-11 18:10:50,0,8279,100001
ObjectId(5b92178bc22c121a2bbfba80),爸爸拒补票，把娃丢地铁站说“孩子不要了！”,必看!,http://mp.weixin.qq.com/s?__biz=MzA4NDI3NjcyNA==&mid=2649405434&idx=2&sn=e154897d6ae6bdcd96e8463a9d0c6d4b&chksm=87f7b361b0803a77b0d85f7a20f57238e79a7d04a0a25312215ff6614769af06800b8d6df9f0#rd,2018-08-11 18:10:50,0,2534,100001
ObjectId(5b92179fc22c121a2bbfba82),木耳泡久了有毒？5个真相让你不再吃错,炎炎夏日，凉拌黑木耳是很多人爱吃的家常菜。但前几日，浙江一名 7 岁女孩因为吃了一盘泡发两天的凉拌黑木耳，导,http://mp.weixin.qq.com/s?__biz=MzA4NDI3NjcyNA==&mid=2649405434&idx=3&sn=8f2246eb9b87e5ec3724d5b9ec4271b7&chksm=87f7b361b0803a77cf72517eebf2bb89d16e9bd9dfc2ccb724acab3bff7a22c1dc47ed6ee7d3#rd,2018-08-11 18:10:50,0,1104,100001
ObjectId(5b9217eac22c121a8a73724e),一声姐姐，便是一生！15岁初三女生写给弟弟的一封信看哭网友,,http://mp.weixin.qq.com/s?__biz=MzA4NDI3NjcyNA==&mid=2649405421&idx=1&sn=f75c3e4338ab29283d8c395fdc938085&chksm=87f7b376b0803a6027d793c624ee18c38fe2647147bb7bdae9a4449041a5d61746d0328d5d54#rd,2018-08-11 16:32:08,0,14697,100001
ObjectId(5b9217fec22c121a8a737250),说一个保护肠道的秘诀：用食物“喂饱”肚子里的益生菌,,http://mp.weixin.qq.com/s?__biz=MzA4NDI3NjcyNA==&mid=2649405421&idx=2&sn=b13f9696b16f5532e613b3103dc7af81&chksm=87f7b376b0803a608d3fc99eb69ef0ea8502d3beed4db87f85e4289f641f4ad6b8e14e98576d#rd,2018-08-11 16:32:08,0,1575,100001
ObjectId(5b921812c22c121a8a737252),从军12年参与抢险3000余次，回乡探亲陪父母的他救了3人却……,,http://mp.weixin.qq.com/s?__biz=MzA4NDI3NjcyNA==&mid=2649405409&idx=1&sn=6076710ffd99166ef8f39a0f82155149&chksm=87f7b37ab0803a6cbe804f854147c1a49b77f4dd37050a9f22778ebb68f4319e6d2d28113133#rd,2018-08-11 13:30:59,0,11671,100001
ObjectId(5b921826c22c121a8a737254),男子花28万买了辆价值120万的车，结果被坑大了！,,http://mp.weixin.qq.com/s?__biz=MzA4NDI3NjcyNA==&mid=2649405409&idx=2&sn=cbddccf30507a046ffab705dce77ebe4&chksm=87f7b37ab0803a6c294c19a9ecae7d92091ac27537f5bb288a9564e054c0609769fa5c6fb328#rd,2018-08-11 13:30:59,0,829,100001
ObjectId(5b92183ac22c121a8a737256),神操作！西安市民用雨水洗头，网友：被雷击中还可以免费烫发......,,http://mp.weixin.qq.com/s?__biz=MzA4NDI3NjcyNA==&mid=2649405408&idx=1&sn=db279dc01136ece1ddf059bd9074c417&chksm=87f7b37bb0803a6d58915218b88a9a9c2ec40e01212306f8d1665894aa790a4638e810995f14#rd,2018-08-11 12:11:22,0,3737,100001
ObjectId(5b92184fc22c121a8a737258),女生遭绑架打110叫外卖：如果我突然用奇怪的方式联系你，请记得来救我！,,http://mp.weixin.qq.com/s?__biz=MzA4NDI3NjcyNA==&mid=2649405408&idx=2&sn=96fcd30a04c40dba5af4a6bb9ba0a0d7&chksm=87f7b37bb0803a6d3940ef6cb6b95b96eb17bd0a59906c978f32f719e838fe98a4a808687d97#rd,2018-08-11 12:11:22,0,5386,100001
ObjectId(5b921863c22c121a8a73725a),英雄，一路走好！,,http://mp.weixin.qq.com/s?__biz=MzA4NDI3NjcyNA==&mid=2649405385&idx=1&sn=bc692f089f3efc8ac15b9708b6cd1eb9&chksm=87f7b352b0803a44b480ec71ead147394a8389cf74c631e9f35f229e673da5bbd7de7b31a899#rd,2018-08-11 07:49:24,0,19239,100001
ObjectId(5b921877c22c121a8a73725c),这不是段子！江南皮革厂真的倒闭了……,,http://mp.weixin.qq.com/s?__biz=MzA4NDI3NjcyNA==&mid=2649405385&idx=2&sn=bdbefdcfb33ef54da5016b38808c2320&chksm=87f7b352b0803a44d4ffb948598cc4db93baef2b1412d0077b7e64e1a72c16749cf92c79f771#rd,2018-08-11 07:49:24,0,2798,100001
ObjectId(5b92188bc22c121a8a73725e),"心痛！千年佛像遭""毁容式""修复！网友：坑祖宗啊",,http://mp.weixin.qq.com/s?__biz=MzA4NDI3NjcyNA==&mid=2649405385&idx=3&sn=5a3090079fbb16f2192091056f71cc10&chksm=87f7b352b0803a44b4e619d568042a3d0d968d34cd372287f8d60c43a6c0965df774213d48ab#rd,2018-08-11 07:49:24,0,2856,100001
ObjectId(5b92189fc22c121a8a737260),太逆天了！微信隐藏功能曝光，强大到爆炸,,http://mp.weixin.qq.com/s?__biz=MzA4NDI3NjcyNA==&mid=2649405385&idx=4&sn=502894bba2e9ae00760a2a3530db1304&chksm=87f7b352b0803a44c7d3aadfb8403379a4c823430777dc3e02d7dd1558e6deffbd7e92f2e28e#rd,2018-08-11 07:49:24,0,2778,100001
ObjectId(5b9218b3c22c121a8a737262),早知天下事,"○国办转发《教育部直属师范大学师范生公费教育实施办法》。
○银保监会：在全国范围开展老年人住房反向抵押养老保险。
○武汉生物公司效价不合格百白破疫苗处置工作核查组公布工作进展。",http://mp.weixin.qq.com/s?__biz=MzA4NDI3NjcyNA==&mid=2649405384&idx=1&sn=8009ba9fad54954fccb1c5ee836daac6&chksm=87f7b353b0803a4551b0b2e932250eb09194fb65e589725d1471f7b3e9ec84a82ec611d7fb92#rd,2018-08-11 05:30:00,0,2484,100001
ObjectId(5b921907c22c121ae5cd952a),夜读 | 你现在走的每一步，都是在为将来铺路,对未来的慷慨，是把一切献给现在,http://mp.weixin.qq.com/s?__biz=MzA4NDI3NjcyNA==&mid=2649405376&idx=1&sn=f441b70db54b2bb2d3004464657e9cb9&chksm=87f7b35bb0803a4d2ac02fb47b11f70a7bc68a94e9d65c45c9d0f7871cada6414920bcad3bc7#rd,2018-08-10 22:03:16,0,2673,100001
ObjectId(5b92191cc22c121ae5cd952c),83岁大爷每天打3个小时游戏爆红网络！大爷：跟打乒乓球一样,,http://mp.weixin.qq.com/s?__biz=MzA4NDI3NjcyNA==&mid=2649405351&idx=1&sn=5facca6401ab4d91bc32531c1bdf32b7&chksm=87f7b33cb0803a2a59b9508fe9fad38ec0cbc956c2a2a3e2f494d60722c934f15e8ed7bd7a09#rd,2018-08-10 20:05:27,0,4516,100001
ObjectId(5b921930c22c121ae5cd952e),"轮椅不能阻止他对马拉松""上瘾"" ！这位坚强的汉子想跑个""大满贯""",,http://mp.weixin.qq.com/s?__biz=MzA4NDI3NjcyNA==&mid=2649405351&idx=2&sn=ca499bc7dd46754609b27ef7ce70f525&chksm=87f7b33cb0803a2aed7071ba02887fb3efefa1badcd2d8d507b0dc63b8e58ce961403a204c76#rd,2018-08-10 20:05:27,0,588,36580
ObjectId(5b921944c22c121ae5cd9530),又来了……“我爸说我是逃犯”，民警一查，还真是！,,http://mp.weixin.qq.com/s?__biz=MzA4NDI3NjcyNA==&mid=2649405351&idx=3&sn=a05608e6fcd84d6b5e2aa37eeb7a5ea5&chksm=87f7b33cb0803a2accb4c64a0d1e8f83044972af34bc695bcd0ed74848734e353bdbe6678b46#rd,2018-08-10 20:05:27,0,2383,100001
ObjectId(5b921958c22c121ae5cd9532),中国高校首夺这项世界杯！赢了13国47支队，“没给对手一点机会”,,http://mp.weixin.qq.com/s?__biz=MzA4NDI3NjcyNA==&mid=2649405332&idx=1&sn=bb1ed071e30f609b63f3f7d2f435885e&chksm=87f7b30fb0803a193b03fd6ea97b8a1883d02c41424658f73fead7ac2579a6bb9ea8176c1670#rd,2018-08-10 17:19:58,0,8044,100001
ObjectId(5b92196cc22c121ae5cd9534),“歪果仁”苦练中文频出大招，中国网友笑哭：你们也有今天……,必看！,http://mp.weixin.qq.com/s?__biz=MzA4NDI3NjcyNA==&mid=2649405332&idx=2&sn=ef19393f524553604aa338178ca48760&chksm=87f7b30fb0803a19cfc58b41be53b9b0b942766aafc28439c11fd5632ee953f268678ab437dd#rd,2018-08-10 17:19:58,0,3613,100001
ObjectId(5b921980c22c121ae5cd9536),大爷叼着烟下水救大妈，人救了烟没灭！网友：大妈还抓着扇子,,http://mp.weixin.qq.com/s?__biz=MzA4NDI3NjcyNA==&mid=2649405332&idx=3&sn=40268acc32713667f53da1df015b9fb2&chksm=87f7b30fb0803a1916f06cec83f933d36b1a0359906fc5d4c089caf089dd9077d69c537320fc#rd,2018-08-10 17:19:58,0,3720,100001
ObjectId(5b921994c22c121ae5cd9538),煤气罐爆燃，整层玻璃震碎，而不是消防员的他，3次冲进火场,这个视频，请你用心听！,http://mp.weixin.qq.com/s?__biz=MzA4NDI3NjcyNA==&mid=2649405328&idx=1&sn=533e353c166ce80dc499cd67abddee37&chksm=87f7b30bb0803a1dda8f57132599fecda1709216e8c43de620a41d87bd8166d0d7ac024644cd#rd,2018-08-10 15:34:19,0,3668,100001
ObjectId(5b9219a8c22c121ae5cd953a),她才7岁，如果没吃那盘黑木耳，9月就要上小学了！,警惕！,http://mp.weixin.qq.com/s?__biz=MzA4NDI3NjcyNA==&mid=2649405328&idx=2&sn=b154aad4e0b540ae80ba9f5a4bd8951e&chksm=87f7b30bb0803a1d8c35a5ed474a8abb37eaafed326fd43c408e167b15aa24cbfb5ee995ef12#rd,2018-08-10 15:34:19,0,6232,100001
ObjectId(5b9219bcc22c121ae5cd953c),高能！13岁妹子以一挡百，5分钟K.O.全场，用的是——诗词,腹有诗书气自华,http://mp.weixin.qq.com/s?__biz=MzA4NDI3NjcyNA==&mid=2649405320&idx=1&sn=1073cb236d8fd51a4f08c40b82ade3c5&chksm=87f7b313b0803a05c61f0a486a5120285397483ac652c37266de4e0a7cf2b3de6b67c40e4483#rd,2018-08-10 14:21:51,0,11042,100001
ObjectId(5b9219d0c22c121ae5cd953e),天儿太热，情侣连手都不能好好牵了……,,http://mp.weixin.qq.com/s?__biz=MzA4NDI3NjcyNA==&mid=2649405320&idx=2&sn=0783e7777529153100d7429a3058802e&chksm=87f7b313b0803a0507f13f0151833df1a7003c4f25c60a7dc61fdd4708646a06ba2f13b8017c#rd,2018-08-10 14:21:51,0,3499,100001
ObjectId(5b921a4fc22c121b4edfba01),“快救他，不要管我”——曹磊，你的名字叫英雄！,,http://mp.weixin.qq.com/s?__biz=MzA4NDI3NjcyNA==&mid=2649405313&idx=1&sn=24c97fbb4d03c9e12c02b89d2710454b&chksm=87f7b31ab0803a0cf17487209543fa50805d66dd0230379a9e80c785a525cbf301b6ec014709#rd,2018-08-10 11:44:33,0,19500,100001
ObjectId(5b921a63c22c121b4edfba03),她竟然戴红领巾成为“助学使者”？全国少工委严正谴责,,http://mp.weixin.qq.com/s?__biz=MzA4NDI3NjcyNA==&mid=2649405313&idx=2&sn=369027c4c221620d69ac2b4a9e5c871c&chksm=87f7b31ab0803a0c37c5c10341ae0896db222cc341f433031c483e2427c6544ccebff2ed7562#rd,2018-08-10 11:44:33,0,4430,100001
ObjectId(5b921a78c22c121b4edfba05),上班族注意！这些期限很重要，影响你的钱袋子,,http://mp.weixin.qq.com/s?__biz=MzA4NDI3NjcyNA==&mid=2649405282&idx=1&sn=93ee47fd44fcc76ba0a5345a5da073c6&chksm=87f7b3f9b0803aef53e69bdbaaeb32bf3d9ccfaf656463fcc3aaefe90cf5110c17763e201d59#rd,2018-08-10 08:26:01,0,3083,100001
ObjectId(5b921a8cc22c121b4edfba07),女司机闹市区肇事致4死13伤！警方通报：把油门当刹车，还…,,http://mp.weixin.qq.com/s?__biz=MzA4NDI3NjcyNA==&mid=2649405282&idx=2&sn=a9bf62412802247035f578b426398e8b&chksm=87f7b3f9b0803aef77da1a3891c2959a2d2b03fe9db0d253060f6c46796fb45e8c670e7ff506#rd,2018-08-10 08:26:01,0,2294,100001
ObjectId(5b921aa0c22c121b4edfba09),"一个差评8888元！遇到这样的""买家""，可报警！",,http://mp.weixin.qq.com/s?__biz=MzA4NDI3NjcyNA==&mid=2649405282&idx=3&sn=0c5b3977e947364a09d2e7ef730244e6&chksm=87f7b3f9b0803aef7ef0c0a8aceb7c213b58f12a11d3da26c5d9640996479256dad4953d8c4a#rd,2018-08-10 08:26:01,0,1234,100001
ObjectId(5b921ab4c22c121b4edfba0b),这3件事会让眼睛长结石，你可能正在做！,,http://mp.weixin.qq.com/s?__biz=MzA4NDI3NjcyNA==&mid=2649405282&idx=4&sn=37c4cc4621a7767384eb497ed97e066d&chksm=87f7b3f9b0803aef439e8dd086bfcbc7e463c1081509c9d909ff1c0b77c361ed991e6498f4ac#rd,2018-08-10 08:26:01,0,1351,100001
ObjectId(5b921ac8c22c121b4edfba0d),早知天下事,"○国务院办公厅印发《关于加强核电标准化工作的指导意见》。
○工信部：将推动区块链产业健康有序发展。
○中国队获“国际军事比赛-2018”海上登陆赛团体冠军。",http://mp.weixin.qq.com/s?__biz=MzA4NDI3NjcyNA==&mid=2649405281&idx=1&sn=a4d7f4cc8c5ee843527855e95fcb2030&chksm=87f7b3fab0803aecd5860d81869fc19c50a22de9af5b5ec08668ab0669a6ac9d413d92114187#rd,2018-08-10 05:30:00,0,2321,100001
ObjectId(5b921adcc22c121b4edfba0f),夜读 | 世界上最难走的路，就是捷径,,http://mp.weixin.qq.com/s?__biz=MzA4NDI3NjcyNA==&mid=2649405274&idx=1&sn=92b1df43162f034ee2dbcbd9e91ca8df&chksm=87f7b3c1b0803ad72dc78ebc619f36548764d5b1034a4bb4e221f4fb1ab4603463beed56fff2#rd,2018-08-09 22:29:06,0,2247,100001
ObjectId(5b921af0c22c121b4edfba11),这位英雄，请你留步！,新华社新媒体招聘啦,http://mp.weixin.qq.com/s?__biz=MzA4NDI3NjcyNA==&mid=2649405272&idx=1&sn=98632c7e6977c0738fe7e04757aa4f4e&chksm=87f7b3c3b0803ad517c4e4aacfaa505300d66578d811175bbe19cb1f4e74decdb0e5b0520143#rd,2018-08-09 21:32:32,0,1957,100001
ObjectId(5b921b15c22c121b8c36a481),"8岁男孩落水，8旬老人不顾年迈下水，发现30年前竟有一段""缘分""",,http://mp.weixin.qq.com/s?__biz=MzA4NDI3NjcyNA==&mid=2649405267&idx=1&sn=f9f8fc37fa7605142de92531ee2bb307&chksm=87f7b3c8b0803ade14b8de6c804d1dec52756381eb3c12a14347e21c6dec2e179f8ff8b85676#rd,2018-08-09 20:45:43,0,14796,100001
ObjectId(5b921b29c22c121b8c36a483),浙大学霸逼10岁女儿每天写4篇有质量的作文，孩子妈凌晨崩溃报警......,,http://mp.weixin.qq.com/s?__biz=MzA4NDI3NjcyNA==&mid=2649405267&idx=2&sn=764df96d7d14a37837d2f455b041b9c1&chksm=87f7b3c8b0803ade9aa1f898e6e26a608af8e93a8e31cdcceea85cc66281764c1a26aac77b9a#rd,2018-08-09 20:45:43,0,3938,100001
ObjectId(5b921b3dc22c121b8c36a485),用手机拍警察执法后果可能很严重，原因是……,,http://mp.weixin.qq.com/s?__biz=MzA4NDI3NjcyNA==&mid=2649405267&idx=3&sn=f0cb2c591a6b4fd53312f24dde2bdb0f&chksm=87f7b3c8b0803ade5b7fe4724e22c9d99137695990e0b9be9faa8d03bf708eb3867c25028dc4#rd,2018-08-09 20:45:43,0,3242,100001
ObjectId(5b921b51c22c121b8c36a487),贸易霸凌主义来势汹汹，没有磨砺就没有成长,,http://mp.weixin.qq.com/s?__biz=MzA4NDI3NjcyNA==&mid=2649405250&idx=1&sn=49047bad89007cbdd7ecabeb006417c4&chksm=87f7b3d9b0803acfeeb30995955652caaaaf58ae50a0c893d935cd1cf8e28a30f55f2c7e4d46#rd,2018-08-09 19:35:35,0,4394,100001
ObjectId(5b921b65c22c121b8c36a489),业界领军人物眼中的中国互联网发展六大趋势，你知道吗？,,http://mp.weixin.qq.com/s?__biz=MzA4NDI3NjcyNA==&mid=2649405238&idx=1&sn=0c169df70729459102094961fe6504ec&chksm=87f7b3adb0803abb7d6b86e14f3ecd18743573c3a48e55284d5fceaaa54ad47fad2eb7c17d52#rd,2018-08-09 18:32:32,0,3769,100001
ObjectId(5b921b79c22c121b8c36a48b),看见黑科技 | 区块链，“迷局”解迷？,,http://mp.weixin.qq.com/s?__biz=MzA4NDI3NjcyNA==&mid=2649405238&idx=2&sn=770886fb631934352872967d701a8a03&chksm=87f7b3adb0803abb22c1891b5f87bee50dd93026b82e25fdb84de76e28c9cda93038010246e4#rd,2018-08-09 18:32:32,0,1149,48901
ObjectId(5b921b8dc22c121b8c36a48d),有多少“戏精”，是从广播体操开始的……,,http://mp.weixin.qq.com/s?__biz=MzA4NDI3NjcyNA==&mid=2649405230&idx=1&sn=85c7eeb1edadf19af011aa0d6822315b&chksm=87f7b3b5b0803aa349a3e5a276a7b305cefee5fea4dc1b88bd6869b28d909aecb45a64360989#rd,2018-08-09 17:15:25,0,4606,100001
ObjectId(5b921ba1c22c121b8c36a48f),抓到了！这只“咸猪手”竟然还是“电动”的,,http://mp.weixin.qq.com/s?__biz=MzA4NDI3NjcyNA==&mid=2649405230&idx=2&sn=d54666dec4a409636a6dd93a03875b1e&chksm=87f7b3b5b0803aa3bdc35266e4be98e80ce545351381afe45c8a01a63d2696b7d5005ba2a035#rd,2018-08-09 17:15:25,0,1723,100001
ObjectId(5b921bb5c22c121b8c36a491),双手只有三根残指，这位大山里坚守了43年的老教师是如何成为“笔侠”的,,http://mp.weixin.qq.com/s?__biz=MzA4NDI3NjcyNA==&mid=2649405211&idx=1&sn=7e8fbcc3e01d33dc2d8459c19a678a69&chksm=87f7b380b0803a96da5986a3b552abf7ea43160cd285eb41b99ad8913bce65b7606284d71a55#rd,2018-08-09 15:19:41,0,5628,100001
ObjectId(5b921bc9c22c121b8c36a493),嗑瓜子、剪指甲、抢红包……司机种种违法“炫技”，交管部门：罚！,,http://mp.weixin.qq.com/s?__biz=MzA4NDI3NjcyNA==&mid=2649405211&idx=2&sn=03ba3b1d40a12ff5fdb29b133067eab3&chksm=87f7b380b0803a96347b727a27af4ecc9d8db89c22133747eccc43cc3d5f17650220875ee10e#rd,2018-08-09 15:19:41,0,1195,88585
ObjectId(5b921dffb99beb1cd53fc610),食品过期？老师“打脸”？这个机构对孩子做了什么……,,http://mp.weixin.qq.com/s?__biz=MzA4NDI3NjcyNA==&mid=2649405203&idx=1&sn=ca7c7e97c2fca693b9f4d7e5f85549d8&chksm=87f7b388b0803a9eeda1df5ba08c648614ee333852b4df32c077484e50f99e34b776a2ac145e#rd,2018-08-09 11:50:41,0,8059,100001
ObjectId(5b921e13b99beb1cd53fc612),鸡、鸭、鱼……这些部位最好别吃，里面毒素和寄生虫多！,,http://mp.weixin.qq.com/s?__biz=MzA4NDI3NjcyNA==&mid=2649405203&idx=2&sn=aab78769fbfb726b85a71bd5dfccf70c&chksm=87f7b388b0803a9e1b9555f5c10b7932dfdc33520afff71ddb48648c8324378846e32621ea2c#rd,2018-08-09 11:50:41,0,5083,100001
ObjectId(5b921e27b99beb1cd53fc614),泪目！的哥带生病儿子跑出租，婉拒更多捐助：我跑车能过下去,,http://mp.weixin.qq.com/s?__biz=MzA4NDI3NjcyNA==&mid=2649405189&idx=1&sn=a73082c4a300f58ac02c4de69e027075&chksm=87f7b39eb0803a888b8c9769a874b659ed47f528cbad94143ccf8740403e988c344b1f07f57e#rd,2018-08-09 08:42:50,0,13706,100001
ObjectId(5b921e3cb99beb1cd53fc616),一年不见，这样的九寨沟你还认识吗？,,http://mp.weixin.qq.com/s?__biz=MzA4NDI3NjcyNA==&mid=2649405189&idx=2&sn=689cc057b562d539967a80f1247082b0&chksm=87f7b39eb0803a8855cc3187b7d6fd4044639505195aee2d48eac835010fec18efd5a9c04c8a#rd,2018-08-09 08:42:50,0,2343,100001
ObjectId(5b921e50b99beb1cd53fc618),拼车拼到两条大狗！两位姑娘吓得瑟瑟发抖，男司机脸都青了,,http://mp.weixin.qq.com/s?__biz=MzA4NDI3NjcyNA==&mid=2649405189&idx=3&sn=fc3fef8b06b2eaf3c9fc3af11ce4d0df&chksm=87f7b39eb0803a88f9c980ec5cca6c63d4dc560e57029b5b8b93ea269f2043e4bcc85118f721#rd,2018-08-09 08:42:50,0,1566,100001
ObjectId(5b921e64b99beb1cd53fc61a),葡萄上的白霜不用洗，它的好处你可能不知道,,http://mp.weixin.qq.com/s?__biz=MzA4NDI3NjcyNA==&mid=2649405189&idx=4&sn=93237417a1906539347403a20918a3ba&chksm=87f7b39eb0803a88e908b79c22c99ff888bd8411eccefcfbd57f60c0560ce221bce8be7f75f2#rd,2018-08-09 08:42:50,0,1105,100001
ObjectId(5b921e78b99beb1cd53fc61c),早知天下事,"○国务院关税税则委员会发布公告决定对原产于美国约160亿美元进口商品加征关税。
○卫生健康委：长春长生狂犬病疫苗接种者续种补种免费。
○2022年北京冬奥会和冬残奥会吉祥物全球征集启动。",http://mp.weixin.qq.com/s?__biz=MzA4NDI3NjcyNA==&mid=2649405186&idx=1&sn=c037e417c92873ff365c0686e94d6bbe&chksm=87f7b399b0803a8fa58ffb9ea7fd8fd7e3608a46835aeec13a5aeb674f35f4571f405f6f67fe#rd,2018-08-09 05:30:00,0,3259,100001
ObjectId(5b921e8cb99beb1cd53fc61e),所有的蜕变，都会被时间看见,,http://mp.weixin.qq.com/s?__biz=MzA4NDI3NjcyNA==&mid=2649405180&idx=1&sn=ba777170277bb38afd525871ab5cc9e7&chksm=87f7b267b0803b715106ca784c1c4c90b18f0e285bdc01748a2d849f8b571494a45e27d5f0c0#rd,2018-08-08 22:17:07,0,2264,100001
ObjectId(5b921ea0b99beb1cd53fc620),商务部新闻发言人就中方对约160亿美元自美进口产品采取反制措施发表谈话,,http://mp.weixin.qq.com/s?__biz=MzA4NDI3NjcyNA==&mid=2649405169&idx=1&sn=4589dc3cd1ab39ef8d7a81f6807382ac&chksm=87f7b26ab0803b7c810d5b3636f7d877ff32d4db9710a064c2ee1bf61f82d814b37083ed7d7a#rd,2018-08-08 21:19:33,0,3789,100001
ObjectId(5b921ec2b99beb1d14891c72),国务院关税税则委员会发布公告决定对原产于美国约160亿美元进口商品加征关税,,http://mp.weixin.qq.com/s?__biz=MzA4NDI3NjcyNA==&mid=2649405153&idx=1&sn=1da3f98b3ae07469dbe562c66eea22af&chksm=87f7b27ab0803b6c77ce5d1a8c42a20fddd7807534862760275bc0091571b7ea08b430f207da#rd,2018-08-08 20:38:05,0,3510,100001
ObjectId(5b921ed6b99beb1d14891c74),快快快！还有机会！快挖！消防员徒手挖救被埋男子,,http://mp.weixin.qq.com/s?__biz=MzA4NDI3NjcyNA==&mid=2649405137&idx=1&sn=01789e404f2c07ce4dfbb565bcd7c06e&chksm=87f7b24ab0803b5ce70a7d1d653db689fc252d89b7a41b56f66946987ac386288433b8c504b4#rd,2018-08-08 20:01:32,0,5967,100001
ObjectId(5b921eeab99beb1d14891c76),这个奶爸火了！外企经理辞职回家带娃：不想让老婆老得那么快！,,http://mp.weixin.qq.com/s?__biz=MzA4NDI3NjcyNA==&mid=2649405137&idx=2&sn=9a605f01ea3c72258b9a4e2082158903&chksm=87f7b24ab0803b5cf02d84ad24fa5b2023ce5fcf413707e6eebddc5b3e347a6de30c16f301a7#rd,2018-08-08 20:01:32,0,2779,100001
ObjectId(5b921efeb99beb1d14891c78),亿元字画被馆长调包了！电视剧都不敢这么演,,http://mp.weixin.qq.com/s?__biz=MzA4NDI3NjcyNA==&mid=2649405137&idx=3&sn=2bcf69915d993f49d35e722e4856ad0f&chksm=87f7b24ab0803b5c148af0809d233604a4136ff3ef913c5c1100ffd0a64a49a154917e03e796#rd,2018-08-08 20:01:32,0,1170,100001
ObjectId(5b921f12b99beb1d14891c7a),献血疼成表情包，身着警员服配上这小表情简直太逗了！,,http://mp.weixin.qq.com/s?__biz=MzA4NDI3NjcyNA==&mid=2649405137&idx=4&sn=ea63d898cfd12857d475fd4aedd8f804&chksm=87f7b24ab0803b5c9c8962fd8179a211b9774c0903075509024cb2ac7ce0baf60c1f9e4e0a67#rd,2018-08-08 20:01:32,0,2410,100001
ObjectId(5b921f27b99beb1d14891c7c),这个地方曾是沙尘暴发源地，想不到今天是这样,,http://mp.weixin.qq.com/s?__biz=MzA4NDI3NjcyNA==&mid=2649405112&idx=1&sn=1bd1f41ea2a245d22732945b3a398a1b&chksm=87f7b223b0803b35ca453f7705dd89e7d07f998f7287d7960b05299f1ec570ff0fb8381ca157#rd,2018-08-08 17:56:50,0,4418,100001
ObjectId(5b921f3bb99beb1d14891c7e),暴雨后，这位老人在街头弯下腰，让人肃然起敬……,,http://mp.weixin.qq.com/s?__biz=MzA4NDI3NjcyNA==&mid=2649405112&idx=2&sn=c72e2b66fc9d10eda33c8239b074e22b&chksm=87f7b223b0803b35db7b8a01ca5069324605dd55f789c5bf301f80b97e140729b5938f9842b6#rd,2018-08-08 17:56:50,0,4901,100001
ObjectId(5b921f4fb99beb1d14891c80),风雨无阻！这篇“宣言”写出了中国人的士气,,http://mp.weixin.qq.com/s?__biz=MzA4NDI3NjcyNA==&mid=2649405108&idx=1&sn=fe530ddd77f8b5ece5a70d170be76a3b&chksm=87f7b22fb0803b39327b91a19b31127d67525be0b9e2cc03b4fcec3b853e144ace78f7395aaa#rd,2018-08-08 16:05:41,0,3606,100001
ObjectId(5b921f63b99beb1d14891c82),你可还记得，20年前九江大堤上那些满身泥水的士兵？,,http://mp.weixin.qq.com/s?__biz=MzA4NDI3NjcyNA==&mid=2649405093&idx=1&sn=8edcfd25b6e05746fe3c2fcc8f60c8c6&chksm=87f7b23eb0803b28ea54da9142abb85e5c81f7a141aeb1d161fc49282b2bc6859bf8950341a7#rd,2018-08-08 14:54:34,0,11928,100001
ObjectId(5b921f77b99beb1d14891c84),推广 | 消费升级大势下，他们为何爱用凯美瑞表达“更好的自己“,,http://mp.weixin.qq.com/s?__biz=MzA4NDI3NjcyNA==&mid=2649405093&idx=2&sn=4cea523d81bb9fdbb106eb3aeac8af7d&chksm=87f7b23eb0803b2857dd2709d760ad2d80ff6be8bdc0423d6e008d72a695a659a2e66efaa40b#rd,2018-08-08 14:54:34,0,2312,100001
ObjectId(5b921f8bb99beb1d14891c86),你点的网红外卖可能是10天前做的！店家接单后这样处理……,,http://mp.weixin.qq.com/s?__biz=MzA4NDI3NjcyNA==&mid=2649405093&idx=3&sn=daabe4effb821d22d7ccd7577d2e65be&chksm=87f7b23eb0803b283d4c53b733e3d899a3b5b7e21487032d5a6bf8e291c6f1c37b9e2d8a0633#rd,2018-08-08 14:54:34,0,1311,100001
ObjectId(5b922229b99beb1e329458ac),18岁男孩为圆警察梦，暑假要卖7万斤西瓜,,http://mp.weixin.qq.com/s?__biz=MzA4NDI3NjcyNA==&mid=2649405085&idx=1&sn=cb557592052a8f8baf1b0ec66e5fd504&chksm=87f7b206b0803b10dc66ed54e8ab4aebca2ee1318cf1599641cbd1d7c12e562d76bd73225373#rd,2018-08-08 11:56:53,0,12776,100001
ObjectId(5b92223db99beb1e329458ae),9个简单动作，舒服一整天！,,http://mp.weixin.qq.com/s?__biz=MzA4NDI3NjcyNA==&mid=2649405085&idx=2&sn=b880689f76d1ea82393a7772f8165dfc&chksm=87f7b206b0803b10989fcaa5ae41d5299a42560c78e309950ecd17c536a801c28af951d4faf1#rd,2018-08-08 11:56:53,0,2300,100001
ObjectId(5b922251b99beb1e329458b0),卫生健康委、国家药监局联合印发接种长春长生公司狂犬病疫苗续种补种方案,,http://mp.weixin.qq.com/s?__biz=MzA4NDI3NjcyNA==&mid=2649405078&idx=1&sn=e9efcda5bd4b739ef8fdf203be00c211&chksm=87f7b20db0803b1bdcba50c30d971d3f78dbcbf7fb7d0a6c8326f12450737517e7182d1934c4#rd,2018-08-08 10:06:21,0,2009,100001
ObjectId(5b922265b99beb1e329458b2),“谢谢你，我的青春喂了狗”，很值得……,,http://mp.weixin.qq.com/s?__biz=MzA4NDI3NjcyNA==&mid=2649405071&idx=1&sn=f2eff3cd8f433e14db04c960521430da&chksm=87f7b214b0803b0238882094de28213ca8e3d60116de697a237a6842bd78740883f2c8f3ae99#rd,2018-08-08 08:49:35,0,13764,100001
ObjectId(5b922279b99beb1e329458b4),今天起，微信将严厉打击这些行为！,,http://mp.weixin.qq.com/s?__biz=MzA4NDI3NjcyNA==&mid=2649405071&idx=2&sn=0dc6024062cf2eebb22fd9463f8f4647&chksm=87f7b214b0803b023f2920b875b616fe883fc6744860ac297ba5e0feebb01637957f0ae01663#rd,2018-08-08 08:49:35,0,1701,100001
